Menu Time,Picture Time,Yes or No Time
22.44745946,8.101890326,13.69063759
44.44486332,8.430645704,11.29190636
23.73122954,8.308910131,12.76172853
71.0957799,8.417742729,84.92231798
