,Menu Time,Picture Time,Yes or No Time
0,22.44745946,8.101890326,13.69063759
1,44.44486332,8.430645704,11.29190636
0,23.73122954,8.308910131,12.76172853
